Teorical peaks,Empirical peaks,Normalized,Zero Padding,Teorical WeedOut,Empirical WeedOut,WeedOut Min Value,W_STEP,W_LENGTH,Count of Windows,Distance,IoU,Scroll Error,Time
False,False,True,True,True,True,20,75,2000,70,0.8463341135531663 ±(0.6404059511301757),0.272695299062591 ±(0.28830934295969807),2744.9376232153763 ±(1844.4983271143788),0.013787555694580077 ±(0.0007423801958936266)
