Teorical peaks,Empirical peaks,Normalized,Zero Padding,W_STEP,W_LENGTH,Count of Windows,Distance,IoU,Scroll Error,Time
True,False,True,True,75,2000,72,553.6891633444466 ±(0.0),0.00432309721396283 ±(0.0),1349.244841424241 ±(0.0),98.95501589775085 ±(0.0)
True,True,True,True,75,2000,72,41.58819903433323 ±(0.0),0.08454081677172845 ±(0.0),581.1221279571299 ±(0.0),2.7356724739074707 ±(0.0)
True,True,True,True,75,2000,72,41.58819903433323 ±(0.0),0.08454081677172845 ±(0.0),581.1221279571299 ±(0.0),2.7495229244232178 ±(0.0)
True,True,True,True,75,2000,72,41.58819903433323 ±(0.0),0.08454081677172845 ±(0.0),581.1221279571299 ±(0.0),2.7499136924743652 ±(0.0)
True,True,True,True,75,2000,72,41.58819903433323 ±(0.0),0.08454081677172845 ±(0.0),581.1221279571299 ±(0.0),2.74413800239563 ±(0.0)
True,True,True,True,75,2000,72,41.58819903433323 ±(0.0),0.08454081677172845 ±(0.0),581.1221279571299 ±(0.0),2.9174046516418457 ±(0.0)
