ID,Cant_Picos_Detectados,Cant_Ventanas_Probadas,SIGMA,W_STEP,W_RANGE,RESOLUTION,HEIGHT,IoU_mejor_ventana,NAC_mejor_ventana,EAM_mejor_ventana,ERM_mejor_ventana
WCOMP01.fits,62,240,50,100,1900,300,0.025,0.11873928845736854,0.05058948921695029,0.1319300358546087,0.31055173740977116
WCOMP02.fits,61,240,50,100,1900,300,0.025,0.11882499869251725,0.05095754360684591,0.13352214178022437,0.3132613490852031
