Pty_Match,Pty_Insert,Pty_Deletion,IoU,NAC
0.0,1,1,0.9945805275872325,0.04628451844840762
0.5,1,1,0.9945805275872325,0.04628451844840762
1.0,1,1,0.9945805275872325,0.04628451844840762
1.5,1,1,0.9945805275872325,0.04628451844840762
2.0,1,1,0.9945805275872325,0.04628451844840762
